Peptide,-10lgP,Mass,Length,ppm,m/z,Z,RT,Area,Fraction,Id,Scan,from Chimera,Source File,Accession,PTM,AScore,Found By
SPEVPGQKI,7.08,953.5182,9,-1.3,477.7657,2,19.92,115070.0,2,46880,F2:5136,Yes,PR487_Michele_20180611_B07_rep1.raw,ENSP00000296755.7,,,PEAKS DB
RPGDPVPLG,6.16,906.4922,9,0.1,454.2534,2,26.27,490640.0,2,49429,F2:7772,No,PR487_Michele_20180611_B07_rep1.raw,#DECOY#|ENST00000295133.9|ENSG00000163013.11|OTTHUMG00000164127.2|-|FBXO41-201|FBXO41|875,,,PEAKS DB
PIQPLIEL,12.72,921.5535,8,0.2,922.5609,1,60.54,39894.0,2,59026,F2:21008,No,PR487_Michele_20180611_B07_rep1.raw,#DECOY#|ENST00000268712.8|ENSG00000141027.21|OTTHUMG00000059309.12|OTTHUMT00000131751.6|NCOR1-201|NCOR1|2440,,,PEAKS DB
LPNAIHNCAELL,6.71,1306.6703,12,-2.5,654.3408,2,36.22,275750.0,2,53077,F2:11808,No,PR487_Michele_20180611_B07_rep1.raw,#DECOY#|ENST00000372600.8|ENSG00000136802.11|OTTHUMG00000020766.3|OTTHUMT00000054516.2|LRRC8A-203|LRRC8A|810,,,PEAKS DB
VPDPNRPQRL,13.9,1190.652,10,1.0,397.8917,3,15.39,1042500.0,2,45073,F2:3376,No,PR487_Michele_20180611_B07_rep1.raw,ENSP00000491892.1:ENSP00000364514.2:ENSP00000492403.1,,,PEAKS DB
VPLPVSVSV,15.2,895.5378,9,0.3,896.5454,1,50.82,55531.0,2,57243,F2:17488,No,PR487_Michele_20180611_B07_rep1.raw,,,,PEAKS DB
PPVSPGTAL,26.62,837.4596,9,0.0,419.7371,2,32.05,519940.0,2,51595,F2:10130,No,PR487_Michele_20180611_B07_rep1.raw,ENSP00000399888.1:ENSP00000308227.4,,,PEAKS DB
SPAQIEL,7.36,756.4017,7,1.1,757.4099,1,39.73,25312.0,2,54316,F2:13238,No,PR487_Michele_20180611_B07_rep1.raw,#DECOY#|ENST00000360104.7|ENSG00000055609.18|OTTHUMG00000150553.7|OTTHUMT00000348361.2|KMT2C-203|KMT2C|2441,,,PEAKS DB
GPQGGPVL,30.63,723.3915,8,-0.4,724.3985,1,28.67,327290.0,2,50381,F2:8723,No,PR487_Michele_20180611_B07_rep1.raw,ENSP00000305687.6:ENSP00000427718.2,,,PEAKS DB
IQSIRM(+15.99)GM(+15.99),15.19,966.4626,8,0.3,967.4702,1,18.57,2155500.0,2,46292,F2:4535,No,PR487_Michele_20180611_B07_rep1.raw,ENSP00000420076.1:ENSP00000239944.2,Oxidation (M),M6:Oxidation (M):1000.00;M8:Oxidation (M):1000.00,PEAKS DB
LLPLLAAL,5.52,822.5579,8,0.1,823.5652,1,73.88,2391300.0,2,60190,F2:25079,No,PR487_Michele_20180611_B07_rep1.raw,,,,PEAKS DB
PQLPGLLF,8.87,883.5167,8,0.7,884.5246,1,67.8,190170.0,2,59842,F2:23351,No,PR487_Michele_20180611_B07_rep1.raw,#DECOY#|ENST00000633867.1|ENSG00000266714.9|OTTHUMG00000179794.10|-|MYO15B-234|MYO15B|1530,,,PEAKS DB
VDAWLVPL,5.43,911.5116,8,-0.1,456.763,2,55.42,0.0,2,65540,F2:19204,No,PR487_Michele_20180611_B07_rep1.raw,ENSP00000475639.1,,,PEAKS DB
GPLAGAPSL,9.56,781.4333,9,0.2,782.4408,1,44.12,121290.0,2,55635,F2:14950,No,PR487_Michele_20180611_B07_rep1.raw,#DECOY#|ENST00000205135.8|ENSG00000090924.15|OTTHUMG00000152570.8|OTTHUMT00000326804.2|PLEKHG2-201|PLEKHG2|1254,,,PEAKS DB
VTRPTGVSF,27.42,962.5185,9,0.5,482.2668,2,26.41,261550.0,2,49492,F2:7843,No,PR487_Michele_20180611_B07_rep1.raw,ENSP00000455635.1:ENSP00000320949.5,,,PEAKS DB
SPDVSSVSEL,30.55,1018.4818,10,0.2,1019.4893,1,35.7,147320.0,2,52894,F2:11583,No,PR487_Michele_20180611_B07_rep1.raw,ENSP00000450697.1:ENSP00000382269.1,,,PEAKS DB
YPPQYPPTAF,29.43,1179.5601,10,1.3,590.7881,2,44.22,315980.0,2,55653,F2:14881,No,PR487_Michele_20180611_B07_rep1.raw,ENSP00000417792.1:ENSP00000345494.4:ENSP00000419228.1:ENSP00000417733.1,,,PEAKS DB
LPHGLGGIGM(+15.99),26.89,966.4957,10,0.0,484.2551,2,30.94,473860.0,2,51197,F2:9664,No,PR487_Michele_20180611_B07_rep1.raw,ENSP00000325376.2,Oxidation (M),M10:Oxidation (M):1000.00,PEAKS DB
LGANLVLA,7.19,769.4698,8,0.0,770.4771,1,48.51,135280.0,2,56755,F2:16615,No,PR487_Michele_20180611_B07_rep1.raw,#DECOY#|ENST00000395423.7|ENSG00000071564.16|OTTHUMG00000180031.13|OTTHUMT00000449374.2|TCF3-203|TCF3|658,,,PEAKS DB
PAGPRTVF,26.59,843.4603,8,1.0,844.4684,1,20.21,219700.0,2,47002,F2:5267,No,PR487_Michele_20180611_B07_rep1.raw,ENSP00000392874.1:ENSP00000356820.4:ENSP00000271373.4,,,PEAKS DB
SPLVAVGPV,17.31,837.496,9,-0.8,838.5026,1,45.15,97798.0,2,55868,F2:15321,No,PR487_Michele_20180611_B07_rep1.raw,ENSP00000463939.1,,,PEAKS DB
IVRKIGTNL,17.05,1012.6393,9,-0.7,507.3266,2,20.56,272660.0,2,47148,F2:5455,No,PR487_Michele_20180611_B07_rep1.raw,ENSP00000262146.4:ENSP00000429450.1,,,PEAKS DB
PLANVIAPPP,5.02,987.5753,10,-2.8,494.7935,2,51.06,0.0,2,64936,F2:17582,No,PR487_Michele_20180611_B07_rep1.raw,ENSP00000332034.4,,,PEAKS DB
TPELNCQ,12.47,803.3483,7,1.1,804.3565,1,34.14,310910.0,2,52333,F2:11031,No,PR487_Michele_20180611_B07_rep1.raw,#DECOY#|ENST00000527303.2|ENSG00000178209.15|OTTHUMG00000165291.5|OTTHUMT00000383857.3|PLEC-211|PLEC|3447,,,PEAKS DB
RPYTNKVITL,9.48,1203.6975,10,-0.4,602.8558,2,28.49,0.0,2,62598,F2:8677,No,PR487_Michele_20180611_B07_rep1.raw,ENSP00000340557.5:ENSP00000181839.4,,,PEAKS DB
RADFPPQ,5.72,829.4082,7,-0.4,830.4152,1,37.26,96971.0,2,53436,F2:12245,No,PR487_Michele_20180611_B07_rep1.raw,#DECOY#|ENST00000374514.8|ENSG00000011009.11|OTTHUMG00000002961.5|OTTHUMT00000008245.2|LYPLA2-205|LYPLA2|231,,,PEAKS DB
RPHGSHGLFL,9.0,1119.5938,10,0.3,560.8043,2,27.85,212090.0,2,50076,F2:8402,Yes,PR487_Michele_20180611_B07_rep1.raw,ENSP00000354316.6:ENSP00000347206.4,,,PEAKS DB
LLEETEI,7.02,845.4382,7,2.7,846.4478,1,36.4,169230.0,2,53135,F2:11882,No,PR487_Michele_20180611_B07_rep1.raw,,,,PEAKS DB
RPAGESPAGPAL,9.85,1121.5829,12,0.7,561.7991,2,21.76,0.0,2,61935,F2:5904,No,PR487_Michele_20180611_B07_rep1.raw,ENSP00000244546.4:ENSP00000303511.8,,,PEAKS DB
PGAGFITAL,6.58,845.4647,9,-2.3,423.7386,2,51.36,972410.0,2,57361,F2:17724,No,PR487_Michele_20180611_B07_rep1.raw,#DECOY#|ENST00000358590.8|ENSG00000196557.13|OTTHUMG00000172992.5|-|CACNA1H-202|CACNA1H|2347,,,PEAKS DB
TPKNTSVSL,25.7,945.5131,9,-0.5,473.7636,2,18.38,2391700.0,2,46223,F2:4505,No,PR487_Michele_20180611_B07_rep1.raw,ENSP00000481724.1:ENSP00000365184.3:ENSP00000365139.4,,,PEAKS DB
PAYSRAL,21.81,776.418,7,-0.2,777.4252,1,20.49,352010.0,2,47117,F2:5373,No,PR487_Michele_20180611_B07_rep1.raw,ENSP00000248553.6:ENSP00000414357.1,,,PEAKS DB
SKNVEGFSL,9.48,979.4974,9,-0.4,980.5043,1,26.32,842500.0,2,49466,F2:7786,No,PR487_Michele_20180611_B07_rep1.raw,#DECOY#|ENST00000634258.3|ENSG00000198198.17|OTTHUMG00000007423.17|OTTHUMT00000488074.4|SZT2-210|SZT2|3432,,,PEAKS DB
PDAKIRIF,20.2,958.5599,8,0.2,480.2873,2,34.97,6013800.0,2,52611,F2:11472,No,PR487_Michele_20180611_B07_rep1.raw,ENSP00000388600.1:ENSP00000358832.2:ENSP00000341730.4,,,PEAKS DB
NPDLVDLTQ,12.6,1013.5029,9,-0.4,1014.5098,1,35.65,0.0,2,63271,F2:11584,No,PR487_Michele_20180611_B07_rep1.raw,#DECOY#|ENST00000376227.4|ENSG00000101997.13|OTTHUMG00000024141.3|OTTHUMT00000060822.3|CCDC22-201|CCDC22|627,,,PEAKS DB
SPYFQRPLAL,35.86,1190.6448,10,0.1,596.3297,2,42.51,430300.0,2,55151,F2:14305,No,PR487_Michele_20180611_B07_rep1.raw,ENSP00000413407.2:ENSP00000359976.3,,,PEAKS DB
APPHTILNEL,15.14,1103.5975,10,1.2,552.8067,2,39.39,287870.0,2,54210,F2:13054,No,PR487_Michele_20180611_B07_rep1.raw,ENSP00000453885.1:ENSP00000294172.2,,,PEAKS DB
APRTVLL,22.77,768.4857,7,-0.8,385.2498,2,29.82,2884100.0,2,50786,F2:9205,No,PR487_Michele_20180611_B07_rep1.raw,ENSP00000399168.2:ENSP00000491291.1,,,PEAKS DB
IPTVAEII,8.75,854.5113,8,0.7,855.5192,1,56.0,50435.0,2,58307,F2:19398,No,PR487_Michele_20180611_B07_rep1.raw,#DECOY#|ENST00000219070.9|ENSG00000087245.13|OTTHUMG00000133202.6|OTTHUMT00000256913.4|MMP2-201|MMP2|660,,,PEAKS DB
QHGPGVPPL,6.82,900.4817,9,-0.4,451.2479,2,23.18,5238400.0,2,48206,F2:6490,No,PR487_Michele_20180611_B07_rep1.raw,#DECOY#|ENST00000572681.6|ENSG00000079432.7|OTTHUMG00000182794.3|OTTHUMT00000438528.3|CIC-204|CIC|2514,,,PEAKS DB
APRPASGPIRP,38.56,1117.6356,11,1.4,373.553,3,14.36,15799000.0,2,44737,F2:2889,No,PR487_Michele_20180611_B07_rep1.raw,ENSP00000455009.1:ENSP00000307889.5:ENSP00000376811.3:ENSP00000464612.1,,,PEAKS DB
APARLFALL,17.81,970.5963,9,-0.3,486.3053,2,54.49,551550.0,2,58036,F2:18837,No,PR487_Michele_20180611_B07_rep1.raw,ENSP00000361818.3,,,PEAKS DB
SPSYIDKL,17.97,921.4807,8,0.0,461.7477,2,29.5,126890.0,2,50664,F2:9083,Yes,PR487_Michele_20180611_B07_rep1.raw,ENSP00000442317.2:ENSP00000278916.4:ENSP00000481616.2:ENSP00000432890.1:ENSP00000388648.1:ENSP00000412504.2:ENSP00000391090.2,,,PEAKS DB
VGPKKVE,5.28,755.4541,7,1.5,378.7349,2,28.36,10830000.0,2,50261,F2:8614,No,PR487_Michele_20180611_B07_rep1.raw,#DECOY#|ENST00000496455.7|ENSG00000163655.16|OTTHUMG00000158551.3|OTTHUMT00000351260.3|GMPS-203|GMPS|693,,,PEAKS DB
RPLSPRRAF,5.51,1098.641,9,1.6,367.2215,3,14.97,53365.0,2,44928,F2:3161,Yes,PR487_Michele_20180611_B07_rep1.raw,ENSP00000354777.3,,,PEAKS DB
HEVVALLVL,5.11,991.6066,9,0.1,496.8106,2,51.64,61434.0,2,57433,F2:17790,No,PR487_Michele_20180611_B07_rep1.raw,#DECOY#|ENST00000382381.7|ENSG00000167972.14|OTTHUMG00000128845.3|OTTHUMT00000435440.1|ABCA3-202|ABCA3|1646,,,PEAKS DB
IPREAAERL,11.09,1053.593,9,0.0,352.205,3,18.16,267390.0,2,46148,F2:4426,No,PR487_Michele_20180611_B07_rep1.raw,ENSP00000351894.2,,,PEAKS DB
LPQARRISL,6.72,1052.6454,9,0.7,527.3303,2,24.96,155860.0,2,48924,F2:7247,No,PR487_Michele_20180611_B07_rep1.raw,,,,PEAKS DB
RPALETEGL,25.99,984.524,9,-0.3,493.2691,2,27.63,871570.0,2,49960,F2:8329,No,PR487_Michele_20180611_B07_rep1.raw,ENSP00000433541.1:ENSP00000381282.3,,,PEAKS DB
SPTQPIQL,17.36,882.4811,8,0.2,442.2479,2,37.53,5461100.0,2,53507,F2:12321,No,PR487_Michele_20180611_B07_rep1.raw,ENSP00000253003.2:ENSP00000478877.1:ENSP00000480756.1,,,PEAKS DB
LRDEKQGGEV,5.28,1129.5728,10,-0.6,565.7933,2,18.24,59234.0,2,46184,F2:4487,No,PR487_Michele_20180611_B07_rep1.raw,#DECOY#|ENST00000296302.11|ENSG00000163939.18|OTTHUMG00000152663.3|OTTHUMT00000327232.1|PBRM1-201|PBRM1|1689,,,PEAKS DB
SPHSAAYVL,30.59,943.4763,9,-0.4,472.7452,2,26.65,1007600.0,2,49592,F2:7903,No,PR487_Michele_20180611_B07_rep1.raw,ENSP00000261537.6,,,PEAKS DB
TPM(+15.99)GEARSVI,9.54,1075.5332,10,-0.9,538.7734,2,47.4,182360.0,2,56455,F2:16191,No,PR487_Michele_20180611_B07_rep1.raw,#DECOY#|ENST00000424789.6|ENSG00000170921.15|OTTHUMG00000179103.2|OTTHUMT00000444765.1|TANC2-202|TANC2|1990,Oxidation (M),M3:Oxidation (M):1000.00,PEAKS DB
KPGWESVK,7.72,929.497,8,-0.6,930.5037,1,27.79,72253.0,2,50050,F2:8400,No,PR487_Michele_20180611_B07_rep1.raw,#DECOY#|ENST00000366508.5|ENSG00000153207.15|OTTHUMG00000040706.4|OTTHUMT00000097817.1|AHCTF1-202|AHCTF1|2301,,,PEAKS DB
QPPQQPAAKI,29.72,1076.5978,10,-0.1,539.3061,2,16.67,1731200.0,2,45572,F2:3996,No,PR487_Michele_20180611_B07_rep1.raw,ENSP00000227520.5,,,PEAKS DB
SPAGGGAEALEL,41.67,1070.5244,12,0.5,1071.5322,1,39.94,173490.0,2,54389,F2:13293,No,PR487_Michele_20180611_B07_rep1.raw,ENSP00000342232.5:ENSP00000253024.4,,,PEAKS DB
LPAFSPFGKGG,6.33,1076.5654,11,-0.6,539.2897,2,41.17,62921.0,2,54773,F2:13808,No,PR487_Michele_20180611_B07_rep1.raw,#DECOY#|ENST00000372491.4|ENSG00000188483.8|OTTHUMG00000020773.3|OTTHUMT00000054556.3|IER5L-201|IER5L|404,,,PEAKS DB
GPSKGYLSF,23.6,954.481,9,1.0,478.2483,2,33.45,303090.0,2,52080,F2:10703,No,PR487_Michele_20180611_B07_rep1.raw,ENSP00000496583.1,,,PEAKS DB
RPELFTGL,21.79,931.5127,8,1.3,466.7643,2,42.43,211710.0,2,55132,F2:14345,Yes,PR487_Michele_20180611_B07_rep1.raw,ENSP00000494312.1:ENSP00000496589.1:ENSP00000340817.1:ENSP00000482496.2:ENSP00000480893.1:ENSP00000495478.1,,,PEAKS DB
PLASQLIL,7.04,853.5273,8,-0.3,854.5343,1,56.13,0.0,2,65647,F2:19450,No,PR487_Michele_20180611_B07_rep1.raw,ENSP00000437459.1,,,PEAKS DB
PGGAHSL,21.81,637.3184,7,0.5,638.3259,1,17.6,522570.0,2,45921,F2:4231,No,PR487_Michele_20180611_B07_rep1.raw,ENSP00000455998.1:ENSP00000267978.4,,,PEAKS DB
IPEIATSEL,6.67,971.5175,9,0.1,972.5249,1,44.96,313440.0,2,55833,F2:15305,No,PR487_Michele_20180611_B07_rep1.raw,ENSP00000339109.3,,,PEAKS DB
SPENHISL,6.09,895.4399,8,0.4,448.7274,2,23.9,259750.0,2,48497,F2:6812,No,PR487_Michele_20180611_B07_rep1.raw,ENSP00000430604.1,,,PEAKS DB
GPLKSVQEL,32.27,969.5494,9,0.4,485.7822,2,30.37,4016100.0,2,51002,F2:9535,No,PR487_Michele_20180611_B07_rep1.raw,ENSP00000478653.1:ENSP00000287667.7:ENSP00000331851.6:ENSP00000382274.4:ENSP00000479933.1:ENSP00000439970.1,,,PEAKS DB
SPALGVHSF,37.83,913.4658,9,0.6,457.7404,2,30.42,1515800.0,2,51013,F2:9471,No,PR487_Michele_20180611_B07_rep1.raw,ENSP00000339109.3,,,PEAKS DB
APSSLSLFM(+15.99),9.23,967.4684,9,1.1,968.4768,1,39.47,65113.0,2,54236,F2:13102,No,PR487_Michele_20180611_B07_rep1.raw,#DECOY#|ENST00000510237.5|ENSG00000101639.18|OTTHUMG00000160693.4|OTTHUMT00000361793.1|CEP192-208|CEP192|1931,Oxidation (M),M9:Oxidation (M):1000.00,PEAKS DB
GPYPDPKRAF,6.75,1146.5822,10,-0.8,383.201,3,24.16,85449.0,2,48599,F2:6843,Yes,PR487_Michele_20180611_B07_rep1.raw,ENSP00000354815.4:ENSP00000432048.1,,,PEAKS DB
LLEETEI,6.97,845.4382,7,1.1,423.7268,2,36.4,51551.0,2,53129,F2:11892,No,PR487_Michele_20180611_B07_rep1.raw,,,,PEAKS DB
GPAAIALM(+15.99)I,25.32,871.4837,9,0.7,872.4916,1,51.58,95659.0,2,57429,F2:17774,No,PR487_Michele_20180611_B07_rep1.raw,ENSP00000261590.8,Oxidation (M),M8:Oxidation (M):1000.00,PEAKS DB
VPLPPRAEL,20.99,990.5862,9,-0.8,496.3,2,33.93,0.0,2,63150,F2:10889,No,PR487_Michele_20180611_B07_rep1.raw,ENSP00000324741.3,,,PEAKS DB
LLLPGELAK,16.16,952.5957,9,-0.5,477.3049,2,39.42,129920.0,2,54215,F2:13100,No,PR487_Michele_20180611_B07_rep1.raw,ENSP00000481622.1:ENSP00000289316.2:ENSP00000445633.2:ENSP00000321744.4:ENSP00000489317.1:ENSP00000491341.1:ENSP00000358164.1:ENSP00000349430.1:ENSP00000479169.1:ENSP00000367008.4:ENSP00000446031.1:ENSP00000348924.3:ENSP00000483903.1:ENSP00000380180.1:ENSP00000366618.2:ENSP00000475942.1,,,PEAKS DB
HNSLDNDECS,6.15,1132.4091,10,-1.7,567.2108,2,45.82,0.0,2,64341,F2:15611,No,PR487_Michele_20180611_B07_rep1.raw,ENSP00000369497.3,,,PEAKS DB
KPHETYRLL,27.76,1155.64,9,-1.2,386.2202,3,22.53,99827.0,2,47956,F2:6248,No,PR487_Michele_20180611_B07_rep1.raw,ENSP00000455417.1:ENSP00000348510.4,,,PEAKS DB
TDPAATLTA,10.7,859.4287,9,-0.3,860.4357,1,27.48,0.0,2,62491,F2:8257,No,PR487_Michele_20180611_B07_rep1.raw,#DECOY#|ENST00000454473.5|ENSG00000112983.17|OTTHUMG00000129204.7|OTTHUMT00000318443.1|BRD8-214|BRD8|892,,,PEAKS DB
GLKGQAQL,6.31,813.4708,8,-0.3,407.7426,2,21.01,221760.0,2,47329,F2:5516,Yes,PR487_Michele_20180611_B07_rep1.raw,#DECOY#|ENST00000546411.7|ENSG00000257923.11|OTTHUMG00000157129.14|OTTHUMT00000497326.1|CUX1-211|CUX1|1505,,,PEAKS DB
LDCEIAL,5.31,775.3785,7,2.3,388.6974,2,43.06,159080.0,2,55344,F2:14517,No,PR487_Michele_20180611_B07_rep1.raw,#DECOY#|ENST00000647408.1|ENSG00000074800.16|OTTHUMG00000001773.11|OTTHUMT00000494647.4|ENO1-216|ENO1|434,,,PEAKS DB
LPKPPGRGV,10.48,919.5603,9,-0.4,460.7872,2,16.69,748560.0,2,45586,F2:3807,No,PR487_Michele_20180611_B07_rep1.raw,ENSP00000403873.2:ENSP00000330098.5,,,PEAKS DB
RQALMPVIL,5.94,1039.6212,9,-3.0,520.8163,2,46.13,802480.0,2,56108,F2:15762,Yes,PR487_Michele_20180611_B07_rep1.raw,ENSP00000291281.3:ENSP00000393978.1:ENSP00000470804.1,,,PEAKS DB
SPALKKADIGVAM(+15.99),14.41,1315.7169,13,0.0,658.8657,2,20.52,74609.0,2,47121,F2:5412,No,PR487_Michele_20180611_B07_rep1.raw,ENSP00000358508.4:ENSP00000411503.1,Oxidation (M),M13:Oxidation (M):1000.00,PEAKS DB
LPIEAPIRM(+15.99),24.93,1054.5845,9,0.0,528.2995,2,32.9,4209800.0,2,51884,F2:10447,No,PR487_Michele_20180611_B07_rep1.raw,ENSP00000354876.1,Oxidation (M),M9:Oxidation (M):1000.00,PEAKS DB
APAPSWHL,6.03,877.4446,8,-3.3,439.7281,2,26.46,107840.0,2,49513,F2:7828,No,PR487_Michele_20180611_B07_rep1.raw,#DECOY#|ENST00000456339.5|ENSG00000204256.13|OTTHUMG00000031241.8|OTTHUMT00000276549.2|BRD2-206|BRD2|296,,,PEAKS DB
TPIGDGPVLL,11.35,980.5542,10,-0.1,491.2843,2,52.48,54052.0,2,57625,F2:18125,No,PR487_Michele_20180611_B07_rep1.raw,,,,PEAKS DB
RIQEELSAL,24.1,1057.5768,9,-0.7,529.7953,2,34.44,132650.0,2,52428,F2:11092,No,PR487_Michele_20180611_B07_rep1.raw,ENSP00000385740.1:ENSP00000385616.1,,,PEAKS DB
IPFGDIPFLLI,11.29,1243.7216,11,-3.7,622.8657,2,54.81,141030.0,2,58096,F2:18945,No,PR487_Michele_20180611_B07_rep1.raw,#DECOY#|ENST00000367537.7|ENSG00000116698.21|OTTHUMG00000035221.9|OTTHUMT00000085204.3|SMG7-202|SMG7|1170,,,PEAKS DB
APKIFGGEI,34.42,930.5174,9,-0.2,466.2659,2,38.17,1389900.0,2,53848,F2:12599,No,PR487_Michele_20180611_B07_rep1.raw,ENSP00000461362.1:ENSP00000461791.1:ENSP00000460285.1:ENSP00000388374.2:ENSP00000327801.4,,,PEAKS DB
KPRTVATPLNQ,32.26,1223.6986,11,0.4,408.907,3,16.21,8811200.0,2,45392,F2:3843,No,PR487_Michele_20180611_B07_rep1.raw,ENSP00000265754.8:ENSP00000265753.8,,,PEAKS DB
LPAPPHIDV,35.13,957.5283,9,0.0,479.7714,2,37.81,2408200.0,2,53700,F2:12433,No,PR487_Michele_20180611_B07_rep1.raw,ENSP00000364289.3,,,PEAKS DB
RPRQPNLIP,15.47,1089.6406,9,-0.5,364.2206,3,24.86,829290.0,2,48879,F2:7203,No,PR487_Michele_20180611_B07_rep1.raw,ENSP00000420525.1:ENSP00000223051.3,,,PEAKS DB
PNARIEL,18.69,811.4552,7,-0.5,812.462,1,34.07,0.0,2,63161,F2:10946,No,PR487_Michele_20180611_B07_rep1.raw,ENSP00000478145.1:ENSP00000484669.1,,,PEAKS DB
PQSQASPL,8.38,826.4185,8,1.0,414.2169,2,20.38,362700.0,2,47052,F2:5385,Yes,PR487_Michele_20180611_B07_rep1.raw,#DECOY#|ENST00000263980.8|ENSG00000090020.11|OTTHUMG00000004271.5|OTTHUMT00000012336.3|SLC9A1-201|SLC9A1|815,,,PEAKS DB
GPGEDRETL,25.18,972.4512,9,0.6,487.2332,2,15.0,105890.0,2,44945,F2:3219,No,PR487_Michele_20180611_B07_rep1.raw,ENSP00000200453.4,,,PEAKS DB
RPATSSGALGSDLG,5.73,1287.6418,14,0.5,644.8286,2,22.76,25881.0,2,48049,F2:6344,No,PR487_Michele_20180611_B07_rep1.raw,ENSP00000425322.1:ENSP00000339110.6:ENSP00000426697.1:ENSP00000496695.1,,,PEAKS DB
RPRTEVSLSA,17.68,1114.6094,10,0.1,558.312,2,17.71,1503900.0,2,45962,F2:4241,No,PR487_Michele_20180611_B07_rep1.raw,ENSP00000316990.4:ENSP00000470262.1:ENSP00000399025.1,,,PEAKS DB
LTNPELLKV,7.68,1025.6121,9,0.6,513.8136,2,36.22,32945.0,2,53080,F2:11816,Yes,PR487_Michele_20180611_B07_rep1.raw,ENSP00000252936.3:ENSP00000357551.2:ENSP00000446093.1,,,PEAKS DB
LGWLRPQ,5.04,868.4919,7,-4.4,869.4953,1,54.99,0.0,2,65473,F2:19043,No,PR487_Michele_20180611_B07_rep1.raw,ENSP00000497649.1:ENSP00000364393.3,,,PEAKS DB
DPTPAIPSL,5.77,909.4807,9,-1.8,910.4864,1,43.71,43220.0,2,55525,F2:14828,No,PR487_Michele_20180611_B07_rep1.raw,#DECOY#|ENST00000586783.5|ENSG00000132016.11|OTTHUMG00000181851.2|OTTHUMT00000457947.1|C19orf57-204|C19orf57|668,,,PEAKS DB
HPDKDVRLL,33.63,1091.6086,9,-0.7,364.8766,3,20.12,1542700.0,2,46961,F2:5219,No,PR487_Michele_20180611_B07_rep1.raw,ENSP00000401619.1:ENSP00000313851.10,,,PEAKS DB
GPSLKTTL,26.01,815.4752,8,-0.8,408.7446,2,24.86,245370.0,2,48881,F2:7186,No,PR487_Michele_20180611_B07_rep1.raw,ENSP00000437363.1:ENSP00000393279.2:ENSP00000337477.4,,,PEAKS DB
PAGGVLTI,20.94,726.4276,8,-0.2,727.4347,1,51.04,156630.0,2,57294,F2:17581,No,PR487_Michele_20180611_B07_rep1.raw,ENSP00000234256.3,,,PEAKS DB
NVERVLNV,7.05,941.5294,8,0.0,471.772,2,28.5,35870.0,2,50309,F2:8648,Yes,PR487_Michele_20180611_B07_rep1.raw,ENSP00000351524.5:ENSP00000464512.1,,,PEAKS DB
